{"1": {"name": "alex@gmail.com", "Trust": 100, "SpamN": 0, "HamN": 20, "Date_of_first_seen_message": 1596844800.0, "Date_of_last_seen_message": 1596844800.0, "Groups": ["default"]}, "2": {"name": "mark@mail.com", "Trust": 65.45454, "SpamN": 171, "HamN": 324, "Date_of_first_seen_message": 1596844800.0, "Date_of_last_seen_message": 1596844800.0, "Groups": ["default"]}, "0": {"name": "user3@gmail.fr", "Trust": 50, "SpamN": 0, "HamN": 0, "Date_of_first_seen_message": 1643846400.0, "Date_of_last_seen_message": 1643846400.0, "Groups": ["default"]}}